id,categoria,consulta_usuario,respuesta_esperada,sentimiento,requiere_escalacion,contexto_rural
1,productos_financieros,"Hola, quisiera saber sobre los préstamos para agricultores","¡Hola! Me da mucho gusto poder ayudarte. Tenemos préstamos especiales para agricultores con tasas preferenciales del 12% anual. Estos créditos están diseñados para financiar cultivos, compra de semillas, fertilizantes y herramientas agrícolas. ¿Te gustaría conocer más detalles sobre los requisitos?",positivo,no,alto
2,productos_financieros,"¿Qué necesito para abrir una cuenta de ahorros?","Para abrir una cuenta de ahorros necesitas: DNI vigente, recibo de servicios (agua, luz o teléfono) no mayor a 3 meses, y un depósito mínimo de S/. 20. El proceso es muy sencillo y puedes hacerlo en cualquiera de nuestras agencias. ¿Hay algún documento específico sobre el que tengas dudas?",neutral,no,medio
3,productos_financieros,"Necesito un préstamo pequeño para mi tienda, soy de Huancayo","¡Excelente! Tenemos microcréditos perfectos para pequeños negocios como el tuyo. Para comerciantes ofrecemos montos desde S/. 500 hasta S/. 30,000 con plazos flexibles de 6 a 24 meses. Como eres de Huancayo, puedes acercarte a nuestra agencia en el Jr. Real. ¿Qué tipo de productos vendes en tu tienda?",positivo,no,alto
4,productos_financieros,"Tengo una chacra de papas, ¿me pueden prestar para la cosecha?","¡Por supuesto! Tenemos créditos agrícolas específicos para cultivo de papas. Ofrecemos financiamiento para semillas, fertilizantes, pesticidas y mano de obra. Los plazos se ajustan al ciclo de tu cultivo (4-6 meses). La tasa es del 10% anual para productores agrícolas. ¿Cuántas hectáreas cultivas aproximadamente?",positivo,no,alto
5,productos_financieros,"Quiero ahorrar para comprar una moto, ¿qué me recomiendan?","¡Qué buena decisión! Para tu meta de comprar una moto, te recomiendo nuestro ahorro programado. Puedes ahorrar desde S/. 50 mensuales y te damos una tasa de 3.5% anual. Si ahorras S/. 200 mensualmente, en 2 años tendrás suficiente para una moto. También tenemos créditos vehiculares con cuotas cómodas. ¿Prefieres ahorrar primero o financiar la compra?",positivo,no,medio
6,productos_financieros,"¿Dan préstamos para construir casa en el campo?","¡Sí! Tenemos créditos para vivienda rural con condiciones especiales. Financiamos hasta el 80% del valor de construcción, con plazos de hasta 15 años y tasas preferenciales del 9% anual. Aceptamos terrenos rurales como garantía y los requisitos son más flexibles que en la ciudad. ¿Ya tienes el terreno o también necesitas financiamiento para comprarlo?",positivo,no,alto
7,productos_financieros,"¿Qué diferencia hay entre cuenta corriente y de ahorros?","Te explico las principales diferencias: La cuenta de ahorros te genera intereses (3% anual), tiene mantenimiento gratuito y es ideal para guardar dinero. La cuenta corriente no genera intereses, tiene un costo mensual de S/. 8, pero te permite girar cheques y tener sobregiros. Para uso personal, recomiendo la de ahorros. ¿Para qué tipo de movimientos la necesitas?",neutral,no,medio
8,productos_financieros,"¿Tienen seguro para mi cosecha de maíz?","¡Excelente consulta! Sí manejamos seguros agrícolas específicos para cultivos como el maíz. El seguro cubre pérdidas por sequía, heladas, granizada e inundaciones. La prima es del 3% del valor asegurado anualmente. Trabajamos con MAPFRE y La Positiva. Para una hectárea de maíz, el seguro cuesta aproximadamente S/. 120 al año. ¿Cuántas hectáreas quieres asegurar?",positivo,no,alto
9,productos_financieros,"Tengo vacas lecheras, ¿hay créditos para ganaderos?","¡Por supuesto! Tenemos líneas de crédito específicas para ganadería lechera. Financiamos compra de ganado, mejora de establos, equipos de ordeño y alimento para animales. Los plazos van hasta 3 años con tasas del 11% anual. También aceptamos el ganado como garantía. ¿Cuántas vacas tienes actualmente y qué necesitas financiar?",positivo,no,alto
10,productos_financieros,"¿Pueden abrir cuenta para mi hijo de 16 años?","¡Sí! Tenemos cuentas especiales para menores de edad entre 14 y 17 años. Se llama 'Mi Primera Cuenta' y no tiene costo de mantenimiento. Necesita la presencia de un padre o tutor, DNI del menor, y DNI del responsable. La cuenta permite ahorrar y hacer transferencias, pero no puede tener sobregiros. Es perfecta para que aprenda a manejar dinero.",positivo,no,medio
11,productos_financieros,"¿Cómo puedo ahorrar para mi jubilación?","¡Excelente decisión pensar en tu futuro! Tenemos varios productos: Depósito a Plazo Fijo con 4.5% anual, Ahorro Programado con descuento automático, y también manejamos AFP para jubilación privada. Para pensión personal, recomiendo empezar con S/. 100 mensuales desde ahora. Mientras antes empieces, más tendrás al jubilarte. ¿Qué edad tienes actualmente?",positivo,no,medio
12,productos_financieros,"Quiero estudiar una carrera técnica, ¿me pueden ayudar?","¡Qué bueno que quieras estudiar! Tenemos créditos educativos con tasas preferenciales del 8% anual para carreras técnicas. Financiamos hasta el 100% del costo de estudios en institutos reconocidos. Los pagos pueden empezar 6 meses después de terminar la carrera. También trabajamos con becas parciales. ¿Ya tienes el instituto elegido?",positivo,no,medio
13,productos_financieros,"Tengo una bodega, ¿qué servicios me convienen?","¡Perfecto! Para bodegas recomendamos: cuenta corriente para manejar el negocio, POS para recibir tarjetas de crédito (aumenta ventas 30%), crédito capital de trabajo para stock, y depósitos nocturnos para mayor seguridad. También tenemos seguros para local comercial. El paquete completo tiene descuentos especiales. ¿Qué productos vendes principalmente?",positivo,no,medio
14,productos_financieros,"Soy madre soltera, ¿hay créditos especiales para mujeres?","¡Sí! Tenemos el programa 'Mujer Emprendedora' con tasas preferenciales del 9% anual para madres que tienen negocios propios. No necesitas aval si el monto es menor a S/. 10,000. También hay capacitaciones gratuitas en finanzas y negocios. Es parte de nuestro compromiso con el desarrollo de la mujer rural. ¿Qué tipo de negocio tienes o planeas empezar?",positivo,no,alto
15,productos_financieros,"¿Cuánto cobran por mantener la cuenta?","Nuestras cuentas de ahorro no tienen costo de mantenimiento si mantienes un saldo promedio de S/. 200 o haces al menos 3 movimientos al mes. Las cuentas corrientes tienen un costo de S/. 8 mensuales. Para clientes rurales y pensionistas, todas las cuentas son gratuitas. ¿Qué tipo de cuenta te interesa más?",neutral,no,medio
16,productos_financieros,"Quiero comprar una mototaxi para trabajar","¡Excelente idea de negocio! Tenemos créditos vehiculares específicos para mototaxis. Financiamos hasta el 80% del valor, con plazos de hasta 4 años. La cuota mensual para una mototaxi nueva sería aproximadamente S/. 350. También evaluamos mototaxis usadas. El vehículo queda como garantía. ¿Ya tienes licencia de conducir A1?",positivo,no,alto
17,productos_financieros,"¿Puedo ahorrar en dólares?","¡Sí! Manejamos cuentas en dólares americanos para clientes que reciben remesas o tienen ingresos en esa moneda. La cuenta genera 1.5% anual en dólares y puedes hacer depósitos desde $50. También cambiamos moneda al tipo de cambio del día. Es ideal si recibes dinero del extranjero. ¿Recibes ingresos en dólares regularmente?",neutral,no,bajo
18,productos_financieros,"Cultivo productos orgánicos, ¿hay créditos especiales?","¡Qué bueno que cultives orgánicos! Tenemos líneas especiales para agricultura sostenible con tasas preferenciales del 8% anual. Trabajamos con certificadoras orgánicas y compradores directos. También financiamos la certificación orgánica y equipos especializados. Los productos orgánicos tienen mejor precio y mayor demanda. ¿Qué productos cultivas y tienes certificación?",positivo,no,alto
19,productos_financieros,"Hago tejidos y los vendo, ¿hay créditos para artesanos?","¡Qué hermoso oficio! Tenemos créditos especiales para artesanos con tasas del 10% anual. Financiamos materiales, herramientas, stands para ferias y capital de trabajo. También te conectamos con ferias artesanales y compradores. Los montos van desde S/. 300 hasta S/. 15,000. Incluso aceptamos tus productos como garantía parcial. ¿Qué tipo de tejidos haces?",positivo,no,alto
20,productos_financieros,"Tengo botes de pesca, ¿financian equipos pesqueros?","¡Por supuesto! Tenemos líneas de crédito para actividad pesquera artesanal. Financiamos motores, redes, equipos de navegación, conservadoras y reparación de embarcaciones. Los plazos se ajustan a los ciclos de pesca y las tasas son del 11% anual. También manejamos seguros para embarcaciones. ¿Pescas en río, lago o mar?",positivo,no,alto
21,productos_financieros,"Vendo en el mercado, ¿qué servicios me convienen?","¡Perfecto! Para comerciantes de mercado recomendamos: cuenta corriente para el negocio, POS para tarjetas (los clientes compran más), crédito para stock diario, y depósitos nocturnos por seguridad. También tenemos cuentas con comisiones preferenciales para comerciantes. El paquete completo te ahorra S/. 20 mensuales. ¿En qué mercado trabajas?",positivo,no,medio
22,productos_financieros,"Tengo un carro y quiero hacer servicio público","¡Excelente idea de negocio! Para transporte público tenemos créditos vehiculares con condiciones especiales. Financiamos hasta el 80% para vehículos nuevos o seminuevos. También evaluamos la ruta que planeas cubrir para calcular tus ingresos proyectados. Los plazos van hasta 5 años. ¿Ya tienes licencia profesional y el vehículo identificado?",positivo,no,alto
23,productos_financieros,"Quiero ampliar mi casa, ¿dan préstamos para eso?","¡Sí! Tenemos créditos para mejoramiento de vivienda con tasas preferenciales del 9.5% anual. Financiamos ampliaciones, techos, pisos, baños y conexiones de agua y luz. Los montos van hasta S/. 50,000 con plazos de hasta 10 años. Puedes usar tu casa actual como garantía. ¿Ya tienes el presupuesto de la ampliación?",positivo,no,alto
24,productos_financieros,"Somos un grupo de mujeres que queremos crédito grupal","¡Excelente! Los créditos grupales son una de nuestras especialidades. Para grupos de 3 a 8 personas ofrecemos montos desde S/. 500 hasta S/. 3,000 por persona, con aval solidario. La tasa es del 8% anual y no necesitan garantías adicionales. Todas deben vivir en la misma zona. ¿Cuántas son en el grupo y qué actividades van a financiar?",positivo,no,alto
25,productos_financieros,"Quiero instalar paneles solares, ¿me pueden financiar?","¡Qué buena decisión por la energía limpia! Tenemos créditos verdes para energía renovable con tasas preferenciales del 7% anual. Financiamos paneles solares, inversores, baterías e instalación. Los ahorros en luz eléctrica te ayudan a pagar el crédito. También trabajamos con proveedores certificados. ¿Para qué uso necesitas la energía solar?",positivo,no,alto
26,productos_financieros,"Tengo 70 años, ¿me dan crédito para mi negocio?","¡Por supuesto! La edad no es impedimento si tienes un buen proyecto. Para adultos mayores tenemos condiciones especiales: plazos más cortos pero cuotas cómodos, evaluación preferencial, y puedes incluir a un familiar como co-deudor. Muchos de nuestros mejores clientes son adultos mayores con experiencia en negocios. ¿Qué tipo de negocio tienes?",positivo,no,medio
27,productos_financieros,"Tengo plata ahorrada, ¿dónde la invierto?","¡Qué bueno que tengas ahorros! Tenemos varias opciones según tu perfil: Depósitos a Plazo Fijo con 4.5% anual (muy seguro), Fondos Mutuos con mayor rentabilidad pero riesgo moderado, y Cuentas de Alto Rendimiento con 3.8% anual. También invertimos en bonos del gobierno. ¿Por cuánto tiempo puedes dejar el dinero sin tocarlo?",positivo,no,medio
28,productos_financieros,"Vendo quinua al extranjero, ¿me ayudan con exportación?","¡Excelente! Tenemos servicios especializados para exportadores: cartas de crédito, financiamiento pre y post embarque, cuentas en dólares, y asesoría en comercio internacional. También trabajamos con ADEX y PROMPERÚ. Para quinua hay mucha demanda internacional. ¿Ya tienes contactos en el extranjero o necesitas ayuda para encontrar compradores?",positivo,no,alto
29,productos_financieros,"¿Tienen seguro de vida?","¡Sí! Ofrecemos seguros de vida con cobertura desde S/. 10,000 hasta S/. 100,000. Las primas van desde S/. 15 mensuales según tu edad y cobertura. Incluye muerte natural, accidental, invalidez permanente y gastos de sepelio. Para clientes que tienen créditos con nosotros hay descuentos especiales. ¿Para qué monto te gustaría cotizar?",neutral,no,bajo
30,productos_financieros,"Tengo colmenas de abejas, ¿financian apicultura?","¡Excelente actividad! La apicultura es muy rentable y ecológica. Financiamos colmenas, equipos de extracción, ahumadores, trajes protectores y construcción de salas de miel. Los créditos van hasta S/. 20,000 con tasas del 9% anual. También conectamos con compradores de miel orgánica que pagan mejores precios. ¿Cuántas colmenas tienes actualmente?",positivo,no,alto
31,productos_financieros,"Tengo una casa rural para turistas","¡Qué buena idea de negocio! El turismo rural está creciendo mucho. Financiamos mejoras de infraestructura, equipamiento de habitaciones, construcción de baños privados, y marketing digital. También te ayudamos a registrarte formalmente y conectarte con plataformas de reservas. Las tasas son del 10% anual. ¿Ya recibes turistas o es un proyecto nuevo?",positivo,no,alto
32,productos_financieros,"Mi hermano en USA me envía dinero, ¿cómo lo recibo?","Excelente, manejamos remesas internacionales con Western Union y Money Gram. Tu hermano puede enviar desde cualquier agente en USA y tú lo recibes aquí en minutos. Solo necesitas tu DNI y el código de envío. No necesitas tener cuenta con nosotros. La comisión la paga quien envía. ¿Con qué frecuencia recibes remesas?",neutral,no,bajo
33,productos_financieros,"¿Son igual que una cooperativa?","Te explico la diferencia: Somos una institución financiera regulada por la SBS, igual que los bancos grandes, pero especializados en zonas rurales y pequeños negocios. Las cooperativas son organizaciones de sus propios socios. Nosotros ofrecemos los mismos productos que bancos (cuentas, préstamos, tarjetas) pero con enfoque rural y tasas más accesibles.",neutral,no,alto
34,productos_financieros,"Quiero plantar árboles maderables","¡Excelente inversión a largo plazo! Los proyectos forestales tienen gran potencial. Financiamos plantones, preparación de terreno, cercado y mantenimiento inicial. Los plazos van hasta 10 años considerando el ciclo de crecimiento. También trabajamos con programas de reforestación del gobierno que dan bonos adicionales. ¿Qué tipo de árboles quieres plantar y en cuántas hectáreas?",positivo,no,alto
35,productos_financieros,"Pongo una lavandería en mi casa","¡Muy buen negocio! Las lavanderías tienen demanda constante. Financiamos lavadoras industriales, secadoras, equipos de planchado, y acondicionamiento del local. Los montos van desde S/. 5,000 hasta S/. 30,000. También te ayudamos a calcular las tarifas competitivas para tu zona. ¿Ya tienes el espacio acondicionado o necesitas financiar las mejoras también?",positivo,no,medio
36,productos_financieros,"¿Financian cursos técnicos?","¡Por supuesto! La educación es una excelente inversión. Financiamos cursos técnicos, carreras cortas, certificaciones y capacitaciones especializadas. Los montos van hasta S/. 15,000 con tasas preferenciales del 8% anual. Puedes empezar a pagar 3 meses después de terminar el curso. ¿Qué especialidad técnica te interesa estudiar?",positivo,no,medio
37,productos_financieros,"Queremos poner una bodega comunal","¡Excelente proyecto comunitario! Para bodegas comunales tenemos créditos grupales con garantía solidaria. Financiamos el stock inicial, refrigeradoras, estantes, y acondicionamiento del local. La administración puede rotar entre los socios. Los montos van hasta S/. 50,000 para grupos organizados. ¿Cuántas familias participarían en el proyecto?",positivo,no,alto
38,productos_financieros,"¿Financian antenas de internet para el pueblo?","¡Sí! Los proyectos de conectividad rural son muy importantes. Financiamos antenas, equipos de transmisión, instalación y infraestructura para internet comunitario. También trabajamos con programas del MTC y operadores de telecomunicaciones. Pueden organizarse como comité de gestión. ¿Ya tienen un operador interesado o necesitan ayuda para contactar uno?",positivo,no,alto
39,productos_financieros,"Quiero poner una panadería","¡Excelente negocio! Las panaderías tienen clientela fija y buenos márgenes. Financiamos horno industrial, amasadora, mesas de trabajo, vitrina, y stock inicial de insumos. También te conectamos con proveedores mayoristas de harina y otros ingredientes. Los montos van hasta S/. 40,000. ¿Ya tienes experiencia en panadería o necesitas capacitación también?",positivo,no,medio
40,productos_financieros,"Queremos comprar mototaxis entre varios amigos","¡Buena idea asociarse! Para compras grupales de vehículos tenemos créditos solidarios donde cada uno responde por su parte y por los demás. Pueden comprar 3-5 mototaxis con mejor precio por volumen. La garantía es cada vehículo y el aval solidario. ¿Ya identificaron las rutas que cada uno va a cubrir?",positivo,no,alto
41,productos_financieros,"Queremos implementar una biblioteca","¡Qué hermoso proyecto educativo! Para bibliotecas comunitarias tenemos créditos especiales con tasas del 6% anual. Financiamos libros, estantes, mesas, sillas, computadoras e implementación. También conectamos con donaciones de libros y programas educativos del Ministerio de Educación. ¿Ya tienen el local o también necesitan financiar el espacio?",positivo,no,alto
42,productos_financieros,"Queremos hacer turismo ecológico en nuestra comunidad","¡Excelente! El ecoturismo es sostenible y genera ingresos sin dañar el ambiente. Financiamos senderos, miradores, cabañas ecológicas, guías especializados, y promoción turística. También los conectamos con tour operadores responsables. Las tasas son preferenciales al 8% anual para proyectos verdes. ¿Qué atractivos naturales tiene su comunidad?",positivo,no,alto
43,productos_financieros,"Quiero poner cabinas de internet","Las cabinas de internet siguen siendo necesarias en zonas rurales. Financiamos computadoras, equipos de red, mobiliario, software y acondicionamiento del local. También incluimos conexión a internet de alta velocidad. Los montos van hasta S/. 25,000. Muchas cabinas también ofrecen impresiones y servicios digitales. ¿Ya tienes el local identificado?",positivo,no,medio
44,productos_financieros,"Cultivo plantas medicinales","¡Qué interesante! Las plantas medicinales tienen gran demanda y valor agregado. Financiamos cultivo, procesamiento, secado, empaque y certificaciones de calidad. También te conectamos con laboratorios y tiendas naturistas que compran estos productos. Las tasas son del 9% anual. ¿Qué plantas cultivas y ya tienes compradores establecidos?",positivo,no,alto
45,productos_financieros,"Quiero poner un restaurante de comida típica","¡Excelente! Los restaurantes de comida típica tienen mucho potencial, especialmente con el turismo gastronómico. Financiamos equipos de cocina, mesas, sillas, acondicionamiento, y stock inicial. También te ayudamos con permisos municipales y registro en SUNAT. Los montos van hasta S/. 35,000. ¿Qué especialidades de tu región vas a preparar?",positivo,no,alto
46,productos_financieros,"Quiero empezar un negocio de reciclaje","¡Excelente! El reciclaje es un negocio rentable y ayuda al medio ambiente. Financiamos balanzas, equipos de selección, vehículos para recolección, y acondicionamiento de almacén. También te conectamos con empresas que compran materiales reciclados. Los montos van hasta S/. 30,000. ¿Qué tipo de materiales planeas reciclar principalmente?",positivo,no,alto
47,productos_financieros,"Quiero poner una farmacia","Las farmacias son negocios estables con buena rentabilidad. Financiamos equipamiento, stock inicial de medicamentos, refrigeradoras para vacunas, y acondicionamiento según normas DIGEMID. También te ayudamos con los permisos sanitarios necesarios. Los montos van hasta S/. 50,000. ¿Ya tienes el químico farmacéutico responsable identificado?",positivo,no,medio
48,productos_financieros,"Hago ropa y quiero expandir mi taller","¡Qué bueno que quieras crecer! Para talleres de confección financiamos máquinas de coser industriales, overlock, recubridora, cortadoras, y stock de telas. También te conectamos con tiendas y boutiques que pueden vender tu ropa. Los montos van hasta S/. 25,000. ¿Qué tipo de prendas confeccionas principalmente?",positivo,no,medio
49,productos_financieros,"Quiero distribuir gas doméstico","La distribución de gas doméstico es un buen negocio con demanda constante. Financiamos camioneta adaptada, balones de gas, balanza, y permisos necesarios. También trabajamos con proveedores mayoristas de gas. Los montos van hasta S/. 40,000. Necesitas cumplir normas de seguridad estrictas. ¿Ya tienes experiencia en manejo de gas?",positivo,no,medio
50,productos_financieros,"Cultivo flores para vender","¡Hermoso negocio! La floricultura tiene buena demanda especialmente para eventos y fechas especiales. Financiamos invernaderos, sistemas de riego, plantas madre, y equipos de conservación. También te conectamos con floristerías y decoradores de eventos. Las tasas son del 9% anual. ¿Qué tipos de flores cultivas y para qué mercado?",positivo,no,alto
51,productos_financieros,"Tengo un taller de carpintería","¡Excelente oficio! La carpintería siempre tiene demanda. Financiamos herramientas eléctricas, maquinaria industrial, stock de madera, y ampliación del taller. También te conectamos con mueblería y proyectos de construcción. Los montos van hasta S/. 35,000. ¿Te especializas en algún tipo de muebles o haces carpintería en general?",positivo,no,medio
52,productos_financieros,"Quiero poner una veterinaria","¡Excelente! Con tanto ganado en la zona, una veterinaria es muy necesaria. Financiamos equipos médicos, medicamentos, rayos X portátil, refrigeradoras para vacunas, y acondicionamiento de la clínica. También incluimos vehículo para visitas a campo. Los montos van hasta S/. 60,000. ¿Ya tienes la especialización veterinaria o necesitas financiar estudios también?",positivo,no,alto
53,productos_financieros,"Quiero certificar mi miel como orgánica","¡Excelente decisión! La miel orgánica se vende hasta 50% más cara. Financiamos el proceso de certificación, mejoras en colmenas, equipos de extracción especializados, y envases certificados. También te conectamos con exportadores de productos orgánicos. El proceso de certificación toma 6 meses. ¿Tus abejas ya están en zona libre de pesticidas?",positivo,no,alto
54,productos_financieros,"Quiero poner una barbería moderna","¡Buena idea! Las barberías modernas tienen mucha demanda, especialmente entre jóvenes. Financiamos sillas hidráulicas, espejos, equipos de corte profesionales, acondicionamiento del local, y stock inicial de productos. Los montos van hasta S/. 15,000. También te ayudamos con marketing digital. ¿Ya tienes experiencia como barbero?",positivo,no,medio
55,productos_financieros,"Quiero criar truchas en pozas","¡Excelente! La acuicultura de truchas es muy rentable. Financiamos construcción de pozas, alevinos, alimento especializado, equipos de oxigenación, y permisos ambientales. También te conectamos con restaurantes y mercados que compran truchas frescas. Los ciclos son de 8-10 meses. ¿Ya tienes identificado el terreno con agua corriente?",positivo,no,alto
56,productos_financieros,"Quiero ampliar mi cabina con más servicios","¡Excelente idea! Las cabinas pueden ofrecer muchos servicios adicionales. Financiamos equipos para impresiones, fotocopias, escaneo, servicios digitales, y gaming. También incluimos software especializado y mejores computadoras. Los montos van hasta S/. 20,000. ¿Qué servicios nuevos quieres implementar específicamente?",positivo,no,medio
57,problemas_tecnicos,"No puedo acceder a mi cuenta por internet","Entiendo tu preocupación. Para ayudarte a resolver el problema de acceso, necesito que verifiques si estás usando el número de DNI correcto como usuario y si tu contraseña tiene al menos 8 caracteres. Si el problema persiste, puedo conectarte con nuestro especialista técnico. ¿Has intentado cambiar tu contraseña recientemente?",negativo,si,bajo
58,problemas_tecnicos,"Mi tarjeta de débito no funciona en el cajero","Lamento los inconvenientes con tu tarjeta. Esto puede deberse a varios factores: la tarjeta puede estar bloqueada por seguridad, el cajero puede tener problemas técnicos, o tu clave puede estar incorrecta. Te recomiendo intentar en otro cajero primero. Si persiste el problema, necesitaré conectarte con nuestro departamento de tarjetas para una revisión más detallada.",negativo,si,bajo
59,problemas_tecnicos,"La aplicación del celular no me funciona","Entiendo tu frustración con la aplicación. Primero verifica que tengas la última versión descargada desde Google Play o App Store. Si persiste el problema, intenta cerrar completamente la app y volver a abrirla. También verifica que tengas buena conexión a internet. Si nada de esto funciona, te conectaré con soporte técnico especializado.",negativo,si,bajo
60,problemas_tecnicos,"Olvidé mi clave del internet, ¿cómo la recupero?","No te preocupes, es muy común. Puedes recuperar tu clave de dos formas: en nuestra página web haciendo clic en 'Olvidé mi clave' y siguiendo los pasos, o acercándote a cualquier agencia con tu DNI para que te ayudemos a crear una nueva. El proceso toma solo 5 minutos. ¿Tienes acceso al correo electrónico que registraste con nosotros?",neutral,no,bajo
61,problemas_tecnicos,"Me cobraron algo que no compré en mi tarjeta","Esta es una situación muy seria que requiere atención inmediata. Voy a bloquear temporalmente tu tarjeta mientras investigamos el cargo. Necesitaré que me confirmes la fecha y monto del cargo no reconocido. También iniciaré el proceso de devolución del dinero que debe completarse en máximo 10 días hábiles. ¿Tienes tu tarjeta contigo ahora?",negativo,si,bajo
62,problemas_tecnicos,"Alguien usó mi tarjeta sin permiso, ¿qué hago?","Esta es una situación muy seria y te voy a ayudar inmediatamente. Primero, voy a bloquear tu tarjeta ahora mismo para evitar más cargos. Luego te conectaré con nuestro departamento de fraudes para iniciar la investigación y devolución del dinero. También necesitarás hacer la denuncia policial. Los cargos fraudulentos serán devueltos en máximo 10 días.",negativo,si,bajo
63,problemas_tecnicos,"El sistema dice que mi cuenta no existe","Disculpa este inconveniente técnico. Puede ser un problema temporal del sistema o que necesitemos actualizar tu información. Voy a verificar inmediatamente tu cuenta con tu DNI y corregir cualquier error. También te conectaré con soporte técnico para asegurar que no vuelva a pasar. ¿Desde cuándo tienes la cuenta con nosotros?",negativo,si,bajo
64,problemas_tecnicos,"No puedo retirar dinero del cajero","Entiendo tu preocupación por no poder retirar. Esto puede deberse a: saldo insuficiente, límite diario alcanzado (S/. 1,500), tarjeta bloqueada por seguridad, o falla del cajero. Primero verifica tu saldo marcando *555#. Si tienes saldo suficiente, te ayudo a desbloquear la tarjeta o te dirijo al cajero más cercano que funcione.",negativo,si,bajo
65,problemas_tecnicos,"La aplicación se cuelga mucho","Entiendo tu frustración con la aplicación. Este problema puede deberse a varias causas: memoria insuficiente del celular, versión desactualizada, o problemas de conectividad. Te recomiendo: cerrar otras apps, verificar que tengas la última versión, y reiniciar el celular. Si persiste, te conectaré con soporte técnico para una solución específica.",negativo,si,bajo
66,problemas_tecnicos,"Dicen que mi cuenta está cerrada pero no la cerré","Esta situación necesita investigación inmediata. Las cuentas pueden cerrarse automáticamente por inactividad prolongada (más de 2 años sin movimientos) o por saldos negativos mantenidos. Voy a revisar tu historial completo para determinar qué pasó y, si fue un error, reactivar tu cuenta inmediatamente. ¿Cuándo fue tu último movimiento en la cuenta?",negativo,si,bajo
67,problemas_tecnicos,"Me robaron mi billetera con todas mis tarjetas","Lamento mucho que hayas pasado por esta experiencia. Voy a bloquear inmediatamente todas tus tarjetas para evitar uso fraudulento. También te ayudo a sacar nuevas tarjetas sin costo por robo. Debes hacer la denuncia policial lo antes posible. Las nuevas tarjetas estarán listas en 3 días hábiles. ¿Hiciste ya la denuncia policial?",negativo,si,bajo
68,problemas_tecnicos,"Mi cheque fue rechazado","Lamento este inconveniente. Los cheques pueden rechazarse por: fondos insuficientes, cuenta cerrada, firma diferente, o datos incorrectos. Voy a verificar inmediatamente el motivo específico del rechazo. Si es por fondos, podemos hacer un depósito inmediato. Si es por otro motivo, te explico cómo solucionarlo. ¿Tienes el cheque contigo para revisarlo?",negativo,si,bajo
69,problemas_tecnicos,"Los cajeros no están en quechua","Tienes razón, es importante que nuestros servicios estén en tu idioma. Estamos trabajando para incluir el quechua en nuestros cajeros automáticos y aplicaciones. Mientras tanto, tenemos personal bilingüe que puede acompañarte para usar los cajeros. También estamos capacitando a más personal en quechua. ¿Te ayudo ahora con alguna operación específica?",neutral,no,alto
70,problemas_tecnicos,"No tengo internet en casa, ¿cómo hago trámites?","No te preocupes, tenemos muchas alternativas sin internet: agentes corresponsales en tiendas de tu zona, consultas por teléfono al *555#, y agencias móviles que visitan comunidades. También puedes usar internet en cabinas públicas para trámites específicos. La mayoría de operaciones las puedes hacer sin necesidad de internet desde casa. ¿Qué trámite específico necesitas hacer?",neutral,no,alto
71,problemas_tecnicos,"No sé usar cajeros automáticos, ¿me pueden enseñar?","¡Por supuesto! Nos encanta ayudar a nuestros clientes a usar la tecnología. Tenemos talleres gratuitos de educación digital todos los miércoles a las 3 PM. También puedo explicarte paso a paso ahora: insertas la tarjeta, escribes tu clave de 4 números, eliges la operación y sigues las instrucciones. ¿Te gustaría que te acompañe la primera vez al cajero?",positivo,no,medio
72,problemas_tecnicos,"No entiendo nada de tecnología, ¿me pueden ayudar?","¡Por supuesto! Entendemos que la tecnología puede ser complicada al principio. Tenemos personal especializado en enseñar paso a paso: cómo usar cajeros, aplicaciones del celular, y banca por internet. También damos talleres grupales gratuitos. Lo importante es ir despacio hasta que te sientas cómodo. ¿Te gustaría empezar con algo básico como consultar saldo?",positivo,no,medio
73,problemas_tecnicos,"Soy mayor y me cuesta entender la tecnología","Entiendo perfectamente, la tecnología puede ser complicada. Tenemos servicios especiales para adultos mayores: atención preferencial, explicaciones más detalladas, acompañamiento para usar cajeros, y personal capacitado en paciencia. También damos talleres especiales para la tercera edad. No te preocupes, vamos a tu ritmo. ¿Con qué te gustaría empezar?",positivo,no,bajo
74,problemas_tecnicos,"Mi DNI está vencido, ¿puedo hacer trámites?","Con DNI vencido solo podemos hacer operaciones muy básicas por seguridad. Para trámites importantes necesitas renovarlo primero en RENIEC. Mientras tanto, puedes consultar saldo con tu libreta y hacer depósitos pequeños con declaración jurada. Te doy la dirección de RENIEC más cercana. ¿Hace mucho que venció tu DNI?",negativo,no,medio
75,problemas_tecnicos,"Perdí mi DNI, ¿puedo hacer trámites igual?","Entiendo tu situación. Sin DNI vigente no podemos hacer operaciones por seguridad, pero sí puedes hacer movimientos con tu libreta de banco y una declaración jurada. Para operaciones importantes necesitarás primero sacar tu DNI en RENIEC. Te puedo dar la dirección de la oficina más cercana. ¿Tienes partida de nacimiento para tramitar tu DNI?",negativo,no,medio
76,problemas_tecnicos,"No tengo internet en mi pueblo, ¿cómo uso los servicios?","Entiendo que en zonas rurales el internet puede ser limitado. Por eso tenemos agentes corresponsales en tiendas locales donde puedes hacer depósitos, retiros y pagos sin internet. También funciona el *555# desde cualquier celular básico para consultar saldo. Y nuestras agencias móviles visitan comunidades alejadas cada 15 días. ¿En qué distrito te encuentras?",neutral,no,alto
77,problemas_tecnicos,"¿Tienen Facebook o WhatsApp?","¡Sí! Estamos en Facebook como 'Caja Rural [Nombre]' donde publicamos noticias y promociones. También tenemos WhatsApp Business para consultas rápidas. Nuestro número es 999-XXX-XXX. Por redes sociales no hacemos operaciones financieras por seguridad, pero sí resolvemos dudas y damos información. ¿Prefieres comunicarte por WhatsApp?",neutral,no,bajo
78,problemas_tecnicos,"Los intereses me parecen muy altos","Entiendo tu preocupación sobre las tasas de interés. Te explico cómo se calculan: incluyen el costo del dinero, riesgo crediticio, gastos operativos y utilidad. En zonas rurales los costos son mayores por la distancia y riesgo. Sin embargo, nuestras tasas son competitivas para el sector. ¿Te gustaría que comparemos con otras opciones disponibles?",negativo,si,medio
79,problemas_tecnicos,"No quieren aceptar mi terreno como garantía","Entiendo tu frustración. Para aceptar terrenos como garantía necesitamos: título de propiedad inscrito en Registros Públicos, valorización actualizada, que esté libre de cargas, y ubicación accesible. Si tu terreno no cumple algún requisito, podemos ver otras alternativas como aval personal o garantías mixtas. ¿Cuál es el problema específico con tu terreno?",negativo,si,medio
80,problemas_tecnicos,"Quiero cambiar los beneficiarios de mi seguro","Por supuesto, puedes cambiar los beneficiarios cuando quieras. Solo necesitas venir con tu DNI y llenar un formulario simple. Puedes poner hasta 3 beneficiarios y especificar el porcentaje para cada uno. Los menores de edad necesitan un tutor legal. El cambio es gratuito y efectivo inmediatamente. ¿Ya tienes identificados a los nuevos beneficiarios?",neutral,no,bajo
81,problemas_tecnicos,"Siempre hay mucha cola para ser atendido","Lamento mucho la demora en la atención. Sabemos que tu tiempo es valioso. Estamos implementando mejoras: sistema de citas, atención preferencial para adultos mayores, y ampliación de horarios. También puedes hacer muchas operaciones por teléfono o internet. Voy a reportar esta situación para buscar soluciones inmediatas. ¿Qué días y horas vienes normalmente?",negativo,si,bajo
82,problemas_tecnicos,"Me discriminaron por mi apellido","Esta situación es completamente inaceptable. Todos nuestros clientes merecen respeto y trato digno sin importar su origen, apellido o condición. Voy a reportar inmediatamente este caso al área de recursos humanos para investigación y medidas correctivas. También queremos compensarte por esta terrible experiencia. ¿Puedes contarme exactamente qué pasó?",negativo,si,bajo
83,problemas_tecnicos,"No entiendo los términos bancarios","Tienes razón, a veces usamos palabras complicadas. Nuestro compromiso es explicarte todo en lenguaje simple y claro. Por ejemplo: 'TEA' significa cuánto pagas realmente por el préstamo al año, 'ITF' es un impuesto pequeño por usar el dinero, 'saldo disponible' es cuánto dinero puedes usar. ¿Hay algún término específico que quieres que te explique?",neutral,no,bajo
84,problemas_tecnicos,"Nadie me explica bien las cosas","Lamento mucho que no te hayamos explicado bien. Es nuestro deber que entiendas completamente todo lo relacionado con tus productos financieros. Voy a tomarme el tiempo necesario para explicarte paso a paso todo lo que necesites. También voy a reportar esta situación para mejorar la capacitación de nuestro personal. ¿Qué específicamente necesitas que te explique?",negativo,si,bajo
85,problemas_tecnicos,"Ya no confío en los bancos","Entiendo perfectamente tu desconfianza, muchas personas han tenido malas experiencias. Nosotros somos diferentes porque somos una institución local, conocemos tu realidad, y estamos regulados por la SBS como cualquier banco grande. Te invito a que nos conozcas poco a poco, empezando con servicios pequeños hasta que recuperes la confianza. ¿Qué te hizo perder la confianza?",negativo,si,medio
86,problemas_tecnicos,"¿Cuáles son las reglas principales del banco?","Las reglas principales son: siempre tratar con respeto a nuestros clientes, mantener confidencialidad de tu información, cumplir horarios establecidos, ser transparentes con costos y condiciones, y ayudarte a tomar las mejores decisiones financieras. También debemos cumplir normas de la SBS para tu protección. ¿Hay alguna política específica que te interese conocer?",neutral,no,bajo
87,problemas_tecnicos,"¿Pueden atenderme después de las 5 PM?","Nuestro horario regular es hasta las 5 PM, pero para casos especiales podemos hacer citas fuera de horario. También tenemos agentes corresponsales que atienden más tarde y servicios digitales 24 horas. Los sábados atendemos hasta la 1 PM. ¿Es muy urgente lo que necesitas o podemos programar una cita para mañana temprano?",neutral,no,bajo
88,problemas_tecnicos,"¿A cómo está el dólar hoy?","Hoy el tipo de cambio está: compra S/. 3.75 y venta S/. 3.78. Cambiamos moneda sin comisión para nuestros clientes con cuenta. También tenemos cuentas en dólares si manejas esa moneda frecuentemente. El tipo de cambio se actualiza varias veces al día. ¿Necesitas cambiar una cantidad específica?",neutral,no,bajo
89,problemas_tecnicos,"¿Atienden en la fiesta del pueblo?","Durante las festividades locales adaptamos nuestros horarios. Generalmente cerramos los días principales de fiesta patronal, pero mantenemos servicios de emergencia y cajeros funcionando. Publicamos los horarios especiales con anticipación en nuestras redes sociales y agencias. ¿La festividad es pronto? Te puedo confirmar el horario específico.",neutral,no,alto
90,problemas_tecnicos,"¿Atienden en feriados?","Los feriados nacionales no atendemos en agencias, pero sí funcionan nuestros cajeros automáticos las 24 horas. Para emergencias tenemos atención telefónica limitada. Los agentes corresponsales en tiendas pueden atender según su horario particular. Los fines de semana largos recomendamos hacer retiros el viernes anterior. ¿Necesitas hacer alguna operación urgente?",neutral,no,bajo
91,problemas_tecnicos,"Me pidieron explicar de dónde viene mi dinero","Es un procedimiento normal que exige la ley para prevenir el lavado de dinero. Necesitamos documentar el origen de depósitos grandes: puede ser con boletas de venta, declaraciones juradas, contratos de trabajo, o comprobantes de venta de bienes. Es para protegerte a ti y cumplir con regulaciones. ¿El dinero viene de tu negocio, trabajo o venta de algo?",neutral,no,bajo
92,informacion_general,"¿Cuáles son sus horarios de atención?","Nuestros horarios de atención son: Lunes a Viernes de 9:00 AM a 5:00 PM, y Sábados de 9:00 AM a 1:00 PM. También contamos con atención telefónica las 24 horas para emergencias. ¿Necesitas información sobre alguna agencia específica en tu localidad?",neutral,no,medio
93,informacion_general,"¿Cómo puedo consultar mi saldo?","Puedes consultar tu saldo de varias formas: llamando al *555# desde tu celular, visitando nuestra página web con tu DNI y clave, en cualquier cajero automático de la red, o acercándote a ventanilla con tu DNI. ¿Cuál de estas opciones te resulta más conveniente?",neutral,no,bajo
94,informacion_general,"¿Puedo pagar mis recibos de luz aquí?","¡Sí! Puedes pagar todos tus servicios: luz, agua, teléfono, cable, internet y más. Lo puedes hacer en ventanilla, por nuestra página web, app móvil o agentes corresponsales. No cobramos comisión por pagos de servicios básicos. También puedes programar pagos automáticos para que se descuenten de tu cuenta. ¿Qué servicio necesitas pagar?",neutral,no,bajo
95,informacion_general,"¿Cómo hago para enviar dinero a mi familia en Lima?","Puedes enviar dinero a Lima de varias formas: transferencias por internet (gratis a cuentas del mismo banco), por ventanilla (S/. 3 de comisión), o por nuestra app móvil (gratis). Solo necesitas el número de cuenta o DNI del destinatario. El dinero llega en minutos. ¿Tienes el número de cuenta de tu familiar o prefieres enviar solo con DNI?",neutral,no,medio
96,informacion_general,"No entiendo mucho de bancos, ¿me pueden explicar?","¡Por supuesto! Me encanta poder ayudarte a entender mejor el sistema bancario. Los bancos guardamos tu dinero de forma segura, te damos intereses por ahorrar, y te prestamos cuando necesitas. Es como una alcancía que te paga por usarla. También te damos servicios como transferencias y pagos. ¿Hay algo específico que te gustaría aprender primero?",positivo,no,medio
97,informacion_general,"¿Dan charlas sobre cómo manejar dinero?","¡Sí! Tenemos el programa 'Finanzas para Todos' con charlas gratuitas sobre: cómo ahorrar, planificar gastos, usar créditos responsablemente, y emprender negocios. Las charlas son cada sábado a las 10 AM en la agencia. También visitamos comunidades y organizaciones. Es parte de nuestro compromiso con la educación financiera rural. ¿Te interesa algún tema específico?",positivo,no,medio
98,informacion_general,"Mi hijo se fue a Lima, ¿cómo le envío dinero?","Es muy común que los jóvenes vayan a Lima por estudios o trabajo. Puedes enviarle dinero por transferencia bancaria (gratis a cuentas del mismo banco), giros a través de agentes corresponsales, o usando nuestra app móvil. El dinero llega en minutos. También podemos abrirle una cuenta en Lima desde aquí. ¿Tu hijo tiene cuenta bancaria allá?",neutral,no,medio
99,informacion_general,"Necesito que me descuenten pensión alimenticia automáticamente","Claro, podemos configurar el descuento automático de pensión alimenticia desde tu cuenta. Necesitamos la resolución judicial que establece el monto y la cuenta del beneficiario. El descuento se hace automáticamente cada vez que recibas tu sueldo. No tiene costo adicional. ¿Ya tienes la resolución del juzgado?",neutral,no,bajo
100,informacion_general,"¿Cómo calculan si puedo pagar un préstamo?","Te explico nuestro proceso: evaluamos tus ingresos mensuales (trabajo, negocio, pensión), restamos tus gastos básicos familiares, y calculamos que máximo el 30% de lo que te sobra vaya al préstamo. También vemos tu historial crediticio y capacidad del negocio si es para eso. Somos flexibles con ingresos informales. ¿Tienes algún comprobante de ingresos?",neutral,no,medio
101,informacion_general,"Me mudé de casa, ¿cómo cambio mi dirección?","Es importante mantener tus datos actualizados. Para cambiar dirección necesitas: DNI vigente y un recibo de servicios (agua, luz o teléfono) de tu nueva dirección no mayor a 3 meses. El trámite es gratuito y toma 5 minutos. También actualizaremos tu información para el envío de estados de cuenta. ¿Tienes los documentos contigo?",neutral,no,bajo
102,informacion_general,"¿Cuándo me puedo jubilar?","La jubilación depende de si estás en el Sistema Nacional (ONP) o en una AFP. En ONP necesitas 65 años y 20 años de aportes. En AFP puedes jubilarte a los 65 años o antes si tu fondo lo permite. También existe jubilación anticipada en algunos casos. Te recomiendo consultar directamente en ONP o tu AFP para conocer tu situación específica. ¿En qué sistema estás?",neutral,no,bajo
103,informacion_general,"Participo en ferias los fines de semana","¡Qué bueno! Para feriantes tenemos productos especiales: POS móvil para recibir tarjetas en ferias, cuenta con comisiones bajas por movimientos frecuentes, y créditos para stock de mercadería. También financiamos stands y equipos de venta. Los fines de semana son los mejores días para ventas. ¿Qué productos vendes en las ferias?",positivo,no,medio
104,informacion_general,"¿Trabajan con ONG o municipios?","¡Sí! Trabajamos activamente con ONGs, municipios y programas gubernamentales para desarrollo rural. Canalizamos créditos de Agrobanco, FONCODES y otros programas estatales. También ejecutamos proyectos de inclusión financiera con cooperación internacional. Muchas veces estos programas tienen tasas más bajas. ¿Estás involucrado con alguna organización específica?",positivo,no,alto
105,informacion_general,"¿Tienen referencias de otros clientes como yo?","¡Claro! Tenemos miles de clientes satisfechos en tu zona. Por temas de privacidad no puedo darte nombres, pero sí puedo contarte que trabajamos con agricultores, comerciantes, ganaderos y artesanos de toda la región. También tenemos testimonios en nuestra página web y videos de casos de éxito. ¿Te gustaría conocer casos similares al tuyo?",neutral,no,medio
106,informacion_general,"¿Canalizan programas del gobierno?","¡Sí! Somos canalizadores oficiales de varios programas: Agrobanco para créditos agrícolas, FONCODES para emprendimientos rurales, Reactiva Perú para empresas, y programas de vivienda del Fondo MiVivienda. Las tasas son más bajas porque tienen subsidio estatal. ¿Conoces algún programa específico que te interese?",positivo,no,alto
107,informacion_general,"¿Tienen discapacidad, ¿hay facilidades especiales?","¡Por supuesto! Tenemos servicios inclusivos para personas con discapacidad: atención prioritaria en agencias, formatos accesibles, intérprete de señas cuando se necesite, y productos financieros con condiciones preferenciales. También capacitamos a nuestro personal en atención inclusiva. ¿Qué tipo de servicios necesitas y cómo podemos ayudarte mejor?",positivo,no,bajo
108,informacion_general,"Solo hablo quechua, ¿me pueden atender?","¡Por supuesto! Tenemos personal que habla quechua en varias agencias y respetamos mucho nuestra cultura. Si en esta agencia no hay alguien disponible, te conseguimos un traductor o te derivamos a la agencia más cercana con personal bilingüe. Todos nuestros servicios están disponibles en quechua. ¿De qué comunidad eres?",positivo,no,alto
109,informacion_general,"Somos una comunidad nativa, ¿nos atienden?","¡Por supuesto! Respetamos y valoramos mucho a las comunidades nativas. Tenemos programas especiales que respetan sus formas tradicionales de organización y garantías comunales. Trabajamos con títulos comunales y aceptamos garantías solidarias. También hay tasas preferenciales para proyectos de desarrollo comunal. ¿Qué tipo de proyecto comunitario tienen?",positivo,no,alto
110,informacion_general,"Quiero instalar electricidad en mi comunidad","¡Proyecto muy importante! La electricidad cambia la vida de las comunidades. Financiamos paneles solares comunitarios, generadores, cableado, postes, y tramitación ante el MEM. También trabajamos con programas gubernamentales de electrificación rural. Los montos van hasta S/. 100,000 para proyectos comunitarios. ¿Cuántas familias se beneficiarían?",positivo,no,alto
111,informacion_general,"Vendo materiales de construcción","¡Excelente! Los materiales de construcción siempre tienen demanda. Financiamos stock de cemento, fierro, ladrillos, herramientas, vehículo para delivery, y ampliación del almacén. También te conectamos con constructoras y maestros de obra. Los montos van hasta S/. 50,000. ¿Qué materiales vendes principalmente?",positivo,no,medio
112,informacion_general,"Quiero equipar mi taller mecánico","¡Excelente! Con tantos vehículos en la zona, un taller bien equipado es muy necesario. Financiamos herramientas especializadas, elevadores, compresoras, equipos de diagnóstico, y ampliación del taller. Los montos van hasta S/. 60,000. También te conectamos con distribuidores de repuestos. ¿Te especializas en algún tipo de vehículos?",positivo,no,medio
113,informacion_general,"Quiero equipar mejor mi salón de belleza","¡Perfecto! Los salones de belleza tienen clientela fija. Financiamos equipos profesionales: secadores de pie, lavacabezas, sillas hidráulicas, equipos de manicure, productos de belleza, y remodelación del local. Los montos van hasta S/. 30,000. También te ayudamos con cursos de especialización. ¿Qué servicios ofreces actualmente?",positivo,no,medio
114,informacion_general,"Quiero hacer cerveza artesanal","¡Interesante proyecto! La cerveza artesanal está de moda. Financiamos equipos de fermentación, embotellado, etiquetado, ingredientes especializados, y permisos sanitarios. También te conectamos con bares y restaurantes interesados. Los montos van hasta S/. 40,000. Necesitas cumplir estrictas normas sanitarias. ¿Ya tienes experiencia en cervecería o necesitas capacitación?",positivo,no,medio
115,informacion_general,"Tengo 19 años y quiero emprender","¡Qué bueno ver jóvenes emprendedores! Tenemos el programa 'Joven Emprendedor' con créditos desde S/. 500, tasas preferenciales del 8% anual, y capacitación gratuita en negocios. No necesitas historial crediticio previo, solo un buen proyecto. También te conectamos con otros jóvenes emprendedores. ¿Qué tipo de negocio quieres empezar?",positivo,no,medio
116,informacion_general,"Tengo deudas en varios sitios, ¿me ayudan a juntarlas?","¡Sí! Tenemos créditos de consolidación que juntan todas tus deudas en una sola cuota más baja. Esto te ayuda a organizarte mejor y pagar menos intereses. Evaluamos todas tus deudas actuales y te damos un crédito grande para cancelarlas todas. ¿Podrías traer los estados de cuenta de tus deudas actuales para hacer el cálculo?",positivo,no,medio
117,informacion_general,"Certifico productos como orgánicos","¡Excelente! Los productos orgánicos tienen gran demanda y mejores precios. Tenemos líneas especiales para agricultura orgánica con tasas del 7% anual, financiamos la certificación internacional, y te conectamos con exportadores y mercados especializados. También manejamos cartas de crédito para exportación. ¿Qué productos certificas y para qué mercados?",positivo,no,alto
118,informacion_general,"Estoy en Infocorp, ¿me pueden dar crédito igual?","Entiendo tu preocupación. Evaluamos cada caso individualmente, no solo miramos Infocorp. Si tu deuda es pequeña y tienes ingresos comprobables, podemos otorgar créditos pequeños para que mejores tu historial. También te ayudamos a entender tu reporte crediticio y hacer un plan para salir de centrales de riesgo. ¿Hace cuánto estás reportado?",negativo,si,medio
119,informacion_general,"Procesadora lácteos","¡Excelente! Los lácteos artesanales tienen gran demanda. Financiamos equipos de pasteurización, prensas para queso, cámaras de frío, envases, y permisos sanitarios. También te conectamos con distribuidores y supermercados. Los montos van hasta S/. 45,000. ¿Ya tienes proveedores fijos de leche fresca?",positivo,no,alto
120,escalacion_humana,"Estoy muy molesto, quiero hablar con el gerente ahora mismo","Entiendo perfectamente tu molestia y lamento mucho los inconvenientes que hayas experimentado. Tu satisfacción es muy importante para nosotros. Te voy a conectar inmediatamente con un supervisor que podrá atenderte personalmente y resolver tu situación. Un momento por favor.",negativo,si,bajo
121,escalacion_humana,"Hice una transferencia hace 3 días y no ha llegado","Comprendo tu preocupación por la transferencia. Las transferencias normalmente se procesan en 24 horas hábiles. Te ayudo a revisar el estado de tu operación. Necesito que me proporciones el número de operación o fecha exacta. También puedo conectarte directamente con nuestro departamento de operaciones para hacer el seguimiento inmediato.",negativo,si,bajo
122,escalacion_humana,"El personal de la agencia me trató muy mal","Lamento muchísimo escuchar esto. Un trato inadecuado no representa nuestros valores y no es aceptable bajo ninguna circunstancia. Voy a registrar tu queja inmediatamente y conectarte con el supervisor de calidad de servicio para que investiguen y tomen las medidas correctivas necesarias. Tu experiencia es muy importante para nosotros y queremos solucionarlo.",negativo,si,bajo
123,escalacion_humana,"Necesito dinero urgente, tengo una emergencia familiar","Entiendo que tienes una situación urgente y quiero ayudarte. Para emergencias tenemos créditos express que se aprueban en 2 horas si cumples los requisitos básicos: DNI, recibo de ingresos y no estar en centrales de riesgo. El monto va de S/. 500 a S/. 5,000. También evalúo si puedes usar tu tarjeta de crédito. ¿Qué monto aproximado necesitas?",negativo,si,alto
124,escalacion_humana,"Quiero presentar una queja formal por escrito","Por supuesto, tienes todo el derecho a presentar tu queja formal. Te proporciono el libro de reclamaciones digital y físico. También puedes presentarla en nuestra página web. Todas las quejas son investigadas en máximo 30 días calendarios y recibirás respuesta por escrito. Adicionalmente, puedo conectarte ahora mismo con el área de atención al cliente para una atención inmediata.",negativo,si,bajo
125,escalacion_humana,"Se perdió mi cosecha por la lluvia, ¿me pueden ayudar?","Lamento mucho lo de tu cosecha. Si tienes seguro agrícola con nosotros, podemos activar inmediatamente la cobertura por pérdidas climáticas. Si no tienes seguro, podemos evaluar un crédito de emergencia con condiciones especiales para que puedas volver a sembrar. También trabajamos con programas gubernamentales de apoyo al agricultor. ¿Qué cultivo perdiste?",negativo,si,alto
126,escalacion_humana,"Mi esposo falleció, ¿qué pasa con nuestras cuentas?","Lamento profundamente tu pérdida. En estos momentos difíciles queremos apoyarte. Necesitarás traer el certificado de defunción y tu DNI para revisar las cuentas. Si eran cuentas mancomunadas, puedes seguir usándolas. Si eran individuales, necesitaremos hacer el proceso de sucesión. Te conectaré con nuestro asesor especializado en estos casos para que te guíe paso a paso.",negativo,si,bajo
127,escalacion_humana,"No me llegó mi pensión este mes","Entiendo tu preocupación, la pensión es fundamental para tu sustento. Las pensiones se depositan los primeros días de cada mes. Primero verifico si ya se depositó y hay algún problema con tu tarjeta. Si no se depositó, te conectaré inmediatamente con el área especializada para hacer el reclamo urgente a ONP o AFP. ¿Eres pensionista de qué sistema?",negativo,si,bajo
128,escalacion_humana,"Mi esposo no me deja manejar el dinero","Entiendo que esta es una situación muy difícil y delicada. Tu autonomía financiera es un derecho fundamental. Podemos ayudarte a abrir una cuenta personal solo a tu nombre, brindarte información sobre tus derechos, y conectarte con servicios de apoyo especializados. Todo de manera confidencial y segura. ¿Te sientes segura para conversar sobre esto ahora?",negativo,si,bajo
129,escalacion_humana,"Mi aval no quiere firmar más","Entiendo que esta situación puede ser incómoda. Si tu aval ya no puede continuar, podemos buscar alternativas: cambiar de aval por otra persona, usar una garantía real como terreno o vehículo, o evaluar créditos sin aval si tu historial es bueno. Lo importante es mantener tus pagos al día. ¿Has hablado con tu aval sobre los motivos?",negativo,si,medio
130,escalacion_humana,"Somos varios hermanos y no nos ponemos de acuerdo","Entiendo que las herencias pueden generar conflictos familiares. Para acceder a las cuentas de su familiar fallecido, todos los herederos deben ponerse de acuerdo y firmar documentos conjuntamente, o hacer una declaratoria de herederos en el juzgado. Te recomiendo buscar mediación familiar o asesoría legal. Nosotros cumplimos lo que determine el juzgado.",negativo,si,bajo
131,escalacion_humana,"Me estoy divorciando, ¿qué pasa con las cuentas?","Los procesos de divorcio pueden ser complicados financieramente. Si tienen cuentas mancomunadas, ambos pueden usarlas hasta que el juzgado decida otra cosa. Para créditos conjuntos, ambos siguen siendo responsables hasta que se divida legalmente la deuda. Te recomiendo abrir una cuenta individual nueva. ¿Ya iniciaron el proceso legal de divorcio?",negativo,si,bajo
132,escalacion_humana,"Perdí mi trabajo por la pandemia, ¿me pueden ayudar?","Entiendo la difícil situación que atraviesas. Tenemos programas de apoyo para personas afectadas por la pandemia: créditos con período de gracia de 3 meses, refinanciamiento de deudas existentes, y microcréditos para emprender desde casa. También trabajamos con programas del gobierno como Reactiva. ¿Qué tipo de trabajo hacías antes?",negativo,si,medio
133,escalacion_humana,"Estoy muy estresado por mis deudas","Entiendo perfectamente tu preocupación, las deudas pueden generar mucho estrés. Lo importante es que sepas que hay soluciones y estamos aquí para ayudarte. Podemos reestructurar tus pagos, reducir las cuotas temporalmente, o consolidar todas tus deudas en una sola. No estás solo en esto. ¿Te gustaría que revisemos juntos tus deudas para encontrar la mejor solución?",negativo,si,medio
134,escalacion_humana,"Un huaico dañó mi chacra, ¿me pueden ayudar?","Lamento mucho lo que te pasó con el huaico. Para estos casos tenemos protocolos especiales: si tienes seguro agrícola activamos la cobertura inmediatamente, ofrecemos créditos de emergencia con condiciones preferenciales, y coordinamos con Defensa Civil y municipios. También podemos restructurar créditos existentes. Lo importante es que te recuperes rápido. ¿Perdiste toda la cosecha?",negativo,si,alto
135,consultas_complejas,"¿Cómo calculan si puedo pagar un préstamo y cuáles son todas las opciones disponibles según mi perfil de agricultor de quinua orgánica?","Excelente consulta integral. Para evaluar tu capacidad de pago analizamos: ingresos por ventas de quinua (considerando estacionalidad), gastos operativos del cultivo, otros ingresos familiares, y historial crediticio. Para quinua orgánica tenemos múltiples opciones: créditos agrícolas estacionales (8% anual), líneas verdes para productos orgánicos (7% anual), financiamiento para certificación internacional, y créditos para exportación con cartas de crédito. También evaluamos garantías como la cosecha futura, terrenos, o aval solidario. Te conectaré con nuestro especialista en agro-exportación para un análisis completo de tu perfil y las mejores opciones disponibles.",neutral,si,alto
136,consultas_complejas,"Soy una comunidad de 50 familias que queremos implementar un proyecto integral de turismo rural comunitario con ecoturismo, artesanía y gastronomía, ¿qué opciones de financiamiento tenemos?","¡Proyecto fascinante y muy ambicioso! Para un proyecto comunitario de esta magnitud necesitamos un análisis integral. Tenemos varias líneas de financiamiento: créditos comunitarios hasta S/. 200,000 con garantía solidaria, tasas preferenciales del 6% anual para proyectos sostenibles, financiamiento para infraestructura turística, capacitación especializada en turismo rural, y conexiones con PROMPERÚ y operadores turísticos. También trabajamos con programas gubernamentales como FONCODES y cooperación internacional. El proyecto requiere plan de negocios detallado, organización formal de la comunidad, y estudios de factibilidad. Te conectaré inmediatamente con nuestro equipo especializado en desarrollo comunitario y turismo rural para iniciar la evaluación completa.",positivo,si,alto
137,consultas_complejas,"Tengo varios negocios: una tienda, crianza de cuyes, cultivo de verduras y quiero exportar, además necesito reestructurar mis deudas actuales, ¿cómo pueden ayudarme integralmente?","Perfecto perfil de emprendedor diversificado. Para tu caso necesitamos una estrategia financiera integral que incluya: consolidación de deudas actuales en una sola cuota más baja, línea de crédito rotatoria para capital de trabajo de la tienda, financiamiento específico para crianza tecnificada de cuyes, créditos agrícolas para verduras con seguros, y servicios de comercio exterior para exportación. También te conectamos con programas de formalización empresarial, capacitación en exportación con ADEX, y asesoría contable. Dado la complejidad de tu situación, te derivaré con nuestro gerente de banca empresarial rural quien coordinará con especialistas en cada área para diseñar un paquete financiero completo adaptado a tus múltiples actividades.",positivo,si,alto
138,consultas_complejas,"Somos una asociación de mujeres productoras de lácteos artesanales que queremos certificarnos, mejorar procesamiento, acceder a mercados formales y necesitamos capacitación técnica y empresarial","¡Excelente iniciativa de asociatividad femenina! Su proyecto requiere un enfoque integral que abarca múltiples aspectos. Tenemos el programa especial 'Mujer Rural Emprendedora' con tasas del 6% anual, financiamiento para equipos de procesamiento, certificaciones HACCP y DIGESA, mejoramiento de infraestructura, y capital de trabajo. También incluye capacitación técnica en procesamiento lácteo, gestión empresarial, marketing y contabilidad básica. Los conectamos con supermercados, distribuidores formales, y ferias especializadas. El programa incluye acompañamiento técnico por 2 años y garantías solidarias entre socias. Te conectaré con nuestra especialista en asociatividad femenina y agroindustria rural para iniciar el proceso completo de evaluación y diseño del plan de desarrollo integral.",positivo,si,alto
139,consultas_complejas,"Quiero montar una cadena de valor completa desde producción agrícola hasta venta al consumidor final, incluyendo procesamiento, empaque, distribución y marca propia","¡Visión empresarial muy ambiciosa! Tu proyecto de integración vertical requiere financiamiento estructurado por etapas. Analizaremos: créditos agrícolas para producción primaria, financiamiento industrial para planta de procesamiento, líneas para marca y empaque, capital de trabajo para distribución, y créditos comerciales para puntos de venta. También necesitarás permisos sanitarios, registro de marca, estudios de mercado, y plan de distribución. Trabajamos con programas de PRODUCE, MINAGRI, e INDECOPI para formalización completa. El proyecto requiere garantías reales importantes y plan de negocios detallado con proyecciones a 5 años. Te conectaré inmediatamente con nuestro gerente de banca corporativa rural y el equipo especializado en cadenas de valor para evaluar la viabilidad y estructurar el financiamiento por fases.",positivo,si,alto
140,consultas_complejas,"Soy dirigente comunal y queremos implementar múltiples proyectos: electrificación solar, sistema de agua potable, internet comunitario, centro de acopio y planta procesadora de frutas nativas","¡Proyecto de desarrollo comunal muy completo! Para proyectos de infraestructura múltiple necesitamos coordinación interinstitucional. Financiamos: sistemas de energía renovable hasta S/. 150,000, infraestructura de agua con programas del gobierno, conectividad rural con MTC, centros de acopio con MINAGRI, y plantas procesadoras con PRODUCE. También trabajamos con municipios, cooperación internacional, y programas gubernamentales que pueden cofinanciar hasta el 70%. Requiere organización comunal formal, estudios técnicos, impacto ambiental, y cronograma de ejecución por etapas. El financiamiento se estructura según prioridades comunales y capacidad de pago colectiva. Te conectaré con nuestro equipo de desarrollo territorial y el coordinador de programas gubernamentales para iniciar la estructuración integral del portafolio de proyectos comunales.",positivo,si,alto